{"cameraMode":{"drawMode":0,"name":"Shaded","section":"Shading Mode"},"sceneLighting":false,"audioPlay":false,"sceneViewState":{"showFog":true,"showMaterialUpdate":false,"showSkybox":false,"showFlares":true,"showImageEffects":true,"showParticleSystems":true,"showVisualEffectGraphs":true,"m_FxEnabled":true},"in2DMode":false,"pivot":{"x":0.0000018328428268432618,"y":0.02395179681479931,"z":0.0000012218952178955079},"rotation":{"x":0.22905375063419343,"y":-0.05211370810866356,"z":0.010690629482269287,"w":0.9721862077713013},"size":0.08470239490270615,"orthographic":false}