{"cameraMode":{"drawMode":0,"name":"Shaded","section":"Shading Mode"},"sceneLighting":false,"audioPlay":false,"sceneViewState":{"showFog":true,"showMaterialUpdate":false,"showSkybox":false,"showFlares":true,"showImageEffects":true,"showParticleSystems":true,"showVisualEffectGraphs":true,"m_FxEnabled":true},"in2DMode":false,"pivot":{"x":0.33814191818237307,"y":5.533496856689453,"z":8.553194046020508},"rotation":{"x":0.23200994729995728,"y":-0.14629709720611573,"z":-0.034270159900188449,"w":-0.9611973166465759},"size":2.099982500076294,"orthographic":false}