{"cameraMode":{"drawMode":0,"name":"Shaded","section":"Shading Mode"},"sceneLighting":false,"audioPlay":false,"sceneViewState":{"showFog":true,"showMaterialUpdate":false,"showSkybox":false,"showFlares":true,"showImageEffects":true,"showParticleSystems":true,"showVisualEffectGraphs":true,"m_FxEnabled":true},"in2DMode":false,"pivot":{"x":12.396042823791504,"y":-1.2071235179901124,"z":-39.67325973510742},"rotation":{"x":0.008740478195250035,"y":0.9894666075706482,"z":-0.08678757399320603,"w":0.11742334067821503},"size":17.54892349243164,"orthographic":false}